,State,County,Median AQI,FIPS
0,Alabama,Baldwin,43,01003
1,Alabama,Clay,41,01027
2,Alabama,DeKalb,48,01049
3,Alabama,Elmore,38,01051
4,Alabama,Etowah,51,01055
5,Alabama,Jefferson,61,01073
6,Alabama,Lawrence,34,01079
7,Alabama,Madison,49,01089
8,Alabama,Mobile,46,01097
9,Alabama,Montgomery,52,01101
10,Alabama,Morgan,43,01103
11,Alabama,Russell,43,01113
12,Alabama,Shelby,40,01117
13,Alabama,Sumter,35,01119
14,Alabama,Tuscaloosa,42,01125
15,Alaska,Aleutians East ,11,02013
16,Alaska,Anchorage ,21,02020
17,Alaska,Denali ,33,02068
18,Alaska,Fairbanks North Star ,41,02090
19,Alaska,Juneau ,24,02110
20,Alaska,Kenai Peninsula ,10,02122
21,Alaska,Matanuska-Susitna ,14,02170
22,Alaska,North Slope ,4,02185
23,Arizona,Apache,13,04001
24,Arizona,Cochise,44,04003
25,Arizona,Coconino,46,04005
26,Arizona,Gila,46,04007
27,Arizona,La Paz,45,04012
28,Arizona,Maricopa,72,04013
29,Arizona,Mohave,15,04015
30,Arizona,Navajo,43,04017
31,Arizona,Pima,54,04019
32,Arizona,Pinal,64,04021
33,Arizona,Santa Cruz,37,04023
34,Arizona,Yavapai,43,04025
35,Arizona,Yuma,48,04027
36,Arkansas,Arkansas,44,05001
37,Arkansas,Ashley,43,05003
38,Arkansas,Clark,35,05019
39,Arkansas,Crittenden,41,05035
40,Arkansas,Garland,47,05051
41,Arkansas,Jackson,44,05067
42,Arkansas,Newton,39,05101
43,Arkansas,Polk,40,05113
44,Arkansas,Pulaski,55,05119
45,Arkansas,Union,51,05139
46,Arkansas,Washington,44,05143
47,California,Alameda,48,06001
48,California,Amador,36,06005
49,California,Butte,50,06007
50,California,Calaveras,40,06009
51,California,Colusa,55,06011
52,California,Contra Costa,52,06013
53,California,Del Norte,32,06015
54,California,El Dorado,44,06017
55,California,Fresno,64,06019
56,California,Glenn,41,06021
57,California,Humboldt,32,06023
58,California,Imperial,61,06025
59,California,Inyo,61,06027
60,California,Kern,69,06029
61,California,Kings,58,06031
62,California,Lake,32,06033
63,California,Los Angeles,67,06037
64,California,Madera,52,06039
65,California,Marin,34,06041
66,California,Mariposa,47,06043
67,California,Mendocino,53,06045
68,California,Merced,51,06047
69,California,Mono,24,06051
70,California,Monterey,42,06053
71,California,Nevada,44,06057
72,California,Orange,52,06059
73,California,Placer,52,06061
74,California,Plumas,50,06063
75,California,Riverside,77,06065
76,California,Sacramento,51,06067
77,California,San Benito,40,06069
78,California,San Bernardino,71,06071
79,California,San Diego,67,06073
80,California,San Francisco,30,06075
81,California,San Joaquin,47,06077
82,California,San Luis Obispo,47,06079
83,California,San Mateo,41,06081
84,California,Santa Barbara,45,06083
85,California,Santa Clara,43,06085
86,California,Santa Cruz,36,06087
87,California,Shasta,45,06089
88,California,Siskiyou,43,06093
89,California,Solano,40,06095
90,California,Sonoma,33,06097
91,California,Stanislaus,54,06099
92,California,Sutter,49,06101
93,California,Tehama,44,06103
94,California,Trinity,31,06105
95,California,Tulare,69,06107
96,California,Tuolumne,43,06109
97,California,Ventura,46,06111
98,California,Yolo,43,06113
99,Colorado,Adams,51,08001
100,Colorado,Alamosa,22,08003
101,Colorado,Arapahoe,47,08005
102,Colorado,Archuleta,35,08007
103,Colorado,Boulder,50,08013
104,Colorado,Chaffee,58,08015
105,Colorado,Clear Creek,49,08019
106,Colorado,Denver,54,08031
107,Colorado,Douglas,49,08035
108,Colorado,El Paso,47,08041
109,Colorado,Fremont,12,08043
110,Colorado,Garfield,54,08045
111,Colorado,Gilpin,47,08047
112,Colorado,Grand,46,08049
113,Colorado,Gunnison,46,08051
114,Colorado,Jackson,45,08057
115,Colorado,Jefferson,49,08059
116,Colorado,La Plata,46,08067
117,Colorado,Larimer,51,08069
118,Colorado,Mesa,46,08077
119,Colorado,Montezuma,44,08083
120,Colorado,Park,50,08093
121,Colorado,Pitkin,13,08097
122,Colorado,Prowers,19,08099
123,Colorado,Pueblo,43,08101
124,Colorado,Rio Blanco,47,08103
125,Colorado,Routt,13,08107
126,Colorado,San Juan,9,08111
127,Colorado,San Miguel,47,08113
128,Colorado,Weld,55,08123
129,Connecticut,Fairfield,46,09001
130,Connecticut,Hartford,43,09003
131,Connecticut,Litchfield,38,09005
132,Connecticut,Middlesex,43,09007
133,Connecticut,New Haven,47,09009
134,Connecticut,New London,41,09011
135,Connecticut,Tolland,41,09013
136,Connecticut,Windham,34,09015
137,Country Of Mexico,SONORA,53,
138,Delaware,Kent,46,10001
139,Delaware,New Castle,52,10003
140,Delaware,Sussex,47,10005
141,District Of Columbia,District of Columbia,50,11001
142,Florida,Alachua,40,12001
143,Florida,Baker,43,12003
144,Florida,Bay,51,12005
145,Florida,Brevard,43,12009
146,Florida,Broward,52,12011
147,Florida,Citrus,45,12017
148,Florida,Collier,43,12021
149,Florida,Columbia,47,12023
150,Florida,Duval,52,12031
151,Florida,Escambia,51,12033
152,Florida,Flagler,35,12035
153,Florida,Hamilton,46,12047
154,Florida,Highlands,35,12055
155,Florida,Hillsborough,51,12057
156,Florida,Holmes,49,12059
157,Florida,Indian River,34,12061
158,Florida,Lake,37,12069
159,Florida,Lee,35,12071
160,Florida,Leon,47,12073
161,Florida,Liberty,33,12077
162,Florida,Manatee,35,12081
163,Florida,Marion,45,12083
164,Florida,Martin,41,12085
165,Florida,Miami-Dade,48,12086
166,Florida,Okaloosa,37,12091
167,Florida,Orange,43,12095
168,Florida,Osceola,36,12097
169,Florida,Palm Beach,43,12099
170,Florida,Pasco,39,12101
171,Florida,Pinellas,47,12103
172,Florida,Polk,42,12105
173,Florida,Putnam,17,12107
174,Florida,Santa Rosa,47,12113
175,Florida,Sarasota,47,12115
176,Florida,Seminole,40,12117
177,Florida,St. Lucie,35,12111
178,Florida,Volusia,44,12127
179,Florida,Wakulla,39,12129
180,Georgia,Bibb,53,13021
181,Georgia,Charlton,27,13049
182,Georgia,Chatham,48,13051
183,Georgia,Chattooga,38,13055
184,Georgia,Clarke,52,13059
185,Georgia,Clayton,51,13063
186,Georgia,Cobb,43,13067
187,Georgia,Coffee,41,13069
188,Georgia,Columbia,36,13073
189,Georgia,Dawson,38,13085
190,Georgia,DeKalb,53,13089
191,Georgia,Dougherty,51,13095
192,Georgia,Douglas,41,13097
193,Georgia,Floyd,46,13115
194,Georgia,Fulton,53,13121
195,Georgia,Glynn,43,13127
196,Georgia,Gwinnett,50,13135
197,Georgia,Hall,52,13139
198,Georgia,Henry,44,13151
199,Georgia,Houston,49,13153
200,Georgia,Lowndes,48,13185
201,Georgia,Murray,41,13213
202,Georgia,Muscogee,52,13215
203,Georgia,Pike,39,13231
204,Georgia,Richmond,51,13245
205,Georgia,Rockdale,40,13247
206,Georgia,Sumter,38,13261
207,Georgia,Walker,53,13295
208,Georgia,Washington,52,13303
209,Hawaii,Hawaii,23,15001
210,Hawaii,Honolulu,31,15003
211,Hawaii,Maui,20,15009
212,Idaho,Ada,44,16001
213,Idaho,Bannock,41,16005
214,Idaho,Benewah,48,16009
215,Idaho,Blaine,19,16013
216,Idaho,Boise,39,16015
217,Idaho,Bonner,34,16017
218,Idaho,Bonneville,25,16019
219,Idaho,Butte,44,16023
220,Idaho,Canyon,34,16027
221,Idaho,Custer,8,16037
222,Idaho,Franklin,24,16041
223,Idaho,Idaho,44,16049
224,Idaho,Kootenai,32,16055
225,Idaho,Latah,22,16057
226,Idaho,Lemhi,32,16059
227,Idaho,Nez Perce,36,16069
228,Idaho,Shoshone,47,16079
229,Idaho,Twin Falls,25,16083
230,Idaho,Valley,36,16085
231,Illinois,Adams,43,17001
232,Illinois,Champaign,48,17019
233,Illinois,Clark,36,17023
234,Illinois,Cook,57,17031
235,Illinois,DuPage,53,17043
236,Illinois,Effingham,44,17049
237,Illinois,Hamilton,46,17065
238,Illinois,Jersey,48,17083
239,Illinois,Jo Daviess,36,17085
240,Illinois,Kane,46,17089
241,Illinois,Lake,42,17097
242,Illinois,Macon,51,17115
243,Illinois,Macoupin,37,17117
244,Illinois,Madison,55,17119
245,Illinois,McHenry,49,17111
246,Illinois,McLean,50,17113
247,Illinois,Peoria,48,17143
248,Illinois,Randolph,46,17157
249,Illinois,Rock Island,51,17161
250,Illinois,Saint Clair,54,17163
251,Illinois,Sangamon,51,17167
252,Illinois,Will,53,17197
253,Illinois,Winnebago,52,17201
254,Indiana,Allen,42,18003
255,Indiana,Bartholomew,46,18005
256,Indiana,Boone,37,18011
257,Indiana,Brown,37,18013
258,Indiana,Carroll,36,18015
259,Indiana,Clark,52,18019
260,Indiana,Delaware,40,18035
261,Indiana,Dubois,44,18037
262,Indiana,Elkhart,44,18039
263,Indiana,Floyd,46,18043
264,Indiana,Greene,44,18055
265,Indiana,Hamilton,46,18057
266,Indiana,Hendricks,37,18063
267,Indiana,Henry,44,18065
268,Indiana,Howard,45,18067
269,Indiana,Knox,39,18083
270,Indiana,LaPorte,39,18091
271,Indiana,Lake,55,18089
272,Indiana,Madison,48,18095
273,Indiana,Marion,60,18097
274,Indiana,Monroe,40,18105
275,Indiana,Perry,38,18123
276,Indiana,Porter,48,18127
277,Indiana,Posey,38,18129
278,Indiana,Shelby,37,18145
279,Indiana,Spencer,43,18147
280,Indiana,St. Joseph,51,18141
281,Indiana,Tippecanoe,42,18157
282,Indiana,Vanderburgh,52,18163
283,Indiana,Vigo,51,18167
284,Indiana,Wabash,36,18169
285,Indiana,Warrick,38,18173
286,Indiana,Whitley,48,18183
287,Iowa,Black Hawk,53,19013
288,Iowa,Bremer,42,19017
289,Iowa,Cerro Gordo,19,19033
290,Iowa,Clinton,54,19045
291,Iowa,Harrison,44,19085
292,Iowa,Johnson,53,19103
293,Iowa,Lee,47,19111
294,Iowa,Linn,54,19113
295,Iowa,Montgomery,44,19137
296,Iowa,Muscatine,49,19139
297,Iowa,Palo Alto,46,19147
298,Iowa,Polk,52,19153
299,Iowa,Pottawattamie,49,19155
300,Iowa,Scott,53,19163
301,Iowa,Van Buren,46,19177
302,Iowa,Woodbury,43,19193
303,Kansas,Chase,29,20017
304,Kansas,Ford,15,20057
305,Kansas,Johnson,49,20091
306,Kansas,Leavenworth,37,20103
307,Kansas,Neosho,54,20133
308,Kansas,Sedgwick,48,20173
309,Kansas,Shawnee,48,20177
310,Kansas,Sherman,19,20181
311,Kansas,Sumner,51,20191
312,Kansas,Trego,47,20195
313,Kansas,Wyandotte,51,20209
314,Kentucky,Bell,49,21013
315,Kentucky,Boone,44,21015
316,Kentucky,Boyd,46,21019
317,Kentucky,Bullitt,44,21029
318,Kentucky,Campbell,44,21037
319,Kentucky,Carter,40,21043
320,Kentucky,Christian,47,21047
321,Kentucky,Daviess,51,21059
322,Kentucky,Edmonson,39,21061
323,Kentucky,Fayette,45,21067
324,Kentucky,Greenup,39,21089
325,Kentucky,Hancock,42,21091
326,Kentucky,Hardin,45,21093
327,Kentucky,Jefferson,55,21111
328,Kentucky,Jessamine,43,21113
329,Kentucky,Livingston,42,21139
330,Kentucky,McCracken,47,21145
331,Kentucky,Morgan,38,21175
332,Kentucky,Oldham,42,21185
333,Kentucky,Perry,45,21193
334,Kentucky,Pike,39,21195
335,Kentucky,Pulaski,45,21199
336,Kentucky,Simpson,43,21213
337,Kentucky,Warren,44,21227
338,Kentucky,Washington,40,21229
339,Louisiana,Ascension,34,22005
340,Louisiana,Bossier,53,22015
341,Louisiana,Caddo,38,22017
342,Louisiana,Calcasieu,54,22019
343,Louisiana,East Baton Rouge,52,22033
344,Louisiana,Iberville,44,22047
345,Louisiana,Jefferson,51,22051
346,Louisiana,Lafayette,47,22055
347,Louisiana,Lafourche,53,22057
348,Louisiana,Livingston,54,22063
349,Louisiana,Orleans,41,22071
350,Louisiana,Ouachita,38,22073
351,Louisiana,Pointe Coupee,36,22077
352,Louisiana,Rapides,43,22079
353,Louisiana,St. Bernard,52,22087
354,Louisiana,St. James,33,22093
355,Louisiana,St. John the Baptist,35,22095
356,Louisiana,St. Martin,37,22099
357,Louisiana,St. Tammany,42,22103
358,Louisiana,Tangipahoa,43,22105
359,Louisiana,Terrebonne,43,22109
360,Louisiana,West Baton Rouge,52,22121
361,Maine,Androscoggin,35,23001
362,Maine,Aroostook,37,23003
363,Maine,Cumberland,40,23005
364,Maine,Hancock,38,23009
365,Maine,Kennebec,37,23011
366,Maine,Knox,33,23013
367,Maine,Oxford,38,23017
368,Maine,Penobscot,35,23019
369,Maine,Sagadahoc,39,23023
370,Maine,Washington,36,23029
371,Maine,York,35,23031
372,Maryland,Anne Arundel,40,24003
373,Maryland,Baltimore,45,24510
374,Maryland,Baltimore (City),44,
375,Maryland,Calvert,42,24009
376,Maryland,Carroll,44,24013
377,Maryland,Cecil,42,24015
378,Maryland,Charles,42,24017
379,Maryland,Dorchester,44,24019
380,Maryland,Frederick,44,24021
381,Maryland,Garrett,40,24023
382,Maryland,Harford,45,24025
383,Maryland,Howard,38,24027
384,Maryland,Kent,41,24029
385,Maryland,Montgomery,42,24031
386,Maryland,Prince George's,44,24033
387,Maryland,Washington,42,24043
388,Massachusetts,Barnstable,37,25001
389,Massachusetts,Berkshire,41,25003
390,Massachusetts,Bristol,42,25005
391,Massachusetts,Dukes,38,25007
392,Massachusetts,Essex,44,25009
393,Massachusetts,Franklin,43,25011
394,Massachusetts,Hampden,46,25013
395,Massachusetts,Hampshire,38,25015
396,Massachusetts,Middlesex,39,25017
397,Massachusetts,Norfolk,41,25021
398,Massachusetts,Plymouth,40,25023
399,Massachusetts,Suffolk,44,25025
400,Massachusetts,Worcester,39,25027
401,Michigan,Allegan,42,26005
402,Michigan,Bay,42,26017
403,Michigan,Benzie,38,26019
404,Michigan,Berrien,42,26021
405,Michigan,Cass,42,26027
406,Michigan,Clinton,38,26037
407,Michigan,Genesee,44,26049
408,Michigan,Huron,39,26063
409,Michigan,Ingham,43,26065
410,Michigan,Kalamazoo,53,26077
411,Michigan,Kent,49,26081
412,Michigan,Keweenaw,16,26083
413,Michigan,Lenawee,50,26091
414,Michigan,Macomb,51,26099
415,Michigan,Manistee,39,26101
416,Michigan,Mason,40,26105
417,Michigan,Missaukee,48,26113
418,Michigan,Monroe,25,26115
419,Michigan,Muskegon,41,26121
420,Michigan,Oakland,41,26125
421,Michigan,Ottawa,51,26139
422,Michigan,Schoolcraft,36,26153
423,Michigan,St. Clair,49,26147
424,Michigan,Tuscola,34,26157
425,Michigan,Washtenaw,52,26161
426,Michigan,Wayne,61,26163
427,Michigan,Wexford,35,26165
428,Minnesota,Anoka,46,27003
429,Minnesota,Becker,44,27005
430,Minnesota,Beltrami,27,27007
431,Minnesota,Carlton,38,27017
432,Minnesota,Cass,32,27021
433,Minnesota,Cook,13,27031
434,Minnesota,Crow Wing,43,27035
435,Minnesota,Dakota,49,27037
436,Minnesota,Goodhue,43,27049
437,Minnesota,Hennepin,52,27053
438,Minnesota,Lake,36,27075
439,Minnesota,Lyon,46,27083
440,Minnesota,Mille Lacs,40,27095
441,Minnesota,Olmsted,49,27109
442,Minnesota,Ramsey,49,27123
443,Minnesota,Saint Louis,44,27137
444,Minnesota,Scott,51,27139
445,Minnesota,Stearns,48,27145
446,Minnesota,Washington,42,27163
447,Minnesota,Winona,28,27169
448,Minnesota,Wright,49,27171
449,Mississippi,Bolivar,52,28011
450,Mississippi,DeSoto,54,28033
451,Mississippi,Forrest,53,28035
452,Mississippi,Hancock,50,28045
453,Mississippi,Harrison,51,28047
454,Mississippi,Hinds,54,28049
455,Mississippi,Jackson,51,28059
456,Mississippi,Lauderdale,38,28075
457,Mississippi,Lee,42,28081
458,Mississippi,Yalobusha,36,28161
459,Missouri,Andrew,43,29003
460,Missouri,Boone,42,29019
461,Missouri,Buchanan,48,29021
462,Missouri,Callaway,43,29027
463,Missouri,Cass,44,29037
464,Missouri,Cedar,44,29039
465,Missouri,Clay,43,29047
466,Missouri,Clinton,44,29049
467,Missouri,Greene,49,29077
468,Missouri,Jackson,52,29095
469,Missouri,Jasper,42,29097
470,Missouri,Jefferson,44,29099
471,Missouri,Lincoln,44,29113
472,Missouri,Monroe,38,29137
473,Missouri,Perry,44,29157
474,Missouri,Saint Charles,45,29183
475,Missouri,Saint Louis,46,29510
476,Missouri,Sainte Genevieve,44,29186
477,Missouri,St. Louis City,58,29510
478,Missouri,Stoddard,37,29207
479,Missouri,Taney,29,29213
480,Montana,Beaverhead,13,30001
481,Montana,Cascade,50,30013
482,Montana,Custer,39,30017
483,Montana,Fergus,41,30027
484,Montana,Flathead,43,30029
485,Montana,Gallatin,26,30031
486,Montana,Glacier,12,30035
487,Montana,Hill,23,30041
488,Montana,Lake,13,30047
489,Montana,Lewis and Clark,45,30049
490,Montana,Lincoln,53,30053
491,Montana,Missoula,53,30063
492,Montana,Phillips,38,30071
493,Montana,Powder River,44,30075
494,Montana,Powell,14,30077
495,Montana,Ravalli,22,30081
496,Montana,Richland,39,30083
497,Montana,Roosevelt,13,30085
498,Montana,Rosebud,3,30087
499,Montana,Sanders,37,30089
500,Montana,Sheridan,18,30091
501,Montana,Silver Bow,31,30093
502,Montana,Yellowstone,29,30111
503,Nebraska,Cass,17,31025
504,Nebraska,Douglas,45,31055
505,Nebraska,Gage,34,31067
506,Nebraska,Hall,35,31079
507,Nebraska,Knox,41,31107
508,Nebraska,Lancaster,42,31109
509,Nebraska,Sarpy,37,31153
510,Nebraska,Scotts Bluff,21,31157
511,Nebraska,Washington,33,31177
512,Nevada,Carson City,47,32510
513,Nevada,Churchill,43,32001
514,Nevada,Clark,61,32003
515,Nevada,Douglas,28,32005
516,Nevada,Elko,31,32007
517,Nevada,Lyon,41,32019
518,Nevada,Nye,19,32023
519,Nevada,Washoe,50,32031
520,Nevada,White Pine,44,32033
521,New Hampshire,Belknap,35,33001
522,New Hampshire,Cheshire,41,33005
523,New Hampshire,Coos,43,33007
524,New Hampshire,Grafton,37,33009
525,New Hampshire,Hillsborough,39,33011
526,New Hampshire,Merrimack,39,33013
527,New Hampshire,Rockingham,40,33015
528,New Jersey,Atlantic,38,34001
529,New Jersey,Bergen,48,34003
530,New Jersey,Camden,50,34007
531,New Jersey,Cumberland,43,34011
532,New Jersey,Gloucester,43,34015
533,New Jersey,Hudson,44,34017
534,New Jersey,Hunterdon,44,34019
535,New Jersey,Mercer,49,34021
536,New Jersey,Middlesex,44,34023
537,New Jersey,Monmouth,39,34025
538,New Jersey,Morris,37,34027
539,New Jersey,Ocean,42,34029
540,New Jersey,Passaic,42,34031
541,New Jersey,Union,52,34039
542,New Jersey,Warren,41,34041
543,New Mexico,Bernalillo,59,35001
544,New Mexico,Catron,13,35003
545,New Mexico,Chaves,24,35005
546,New Mexico,Dona Ana,52,35013
547,New Mexico,Eddy,49,35015
548,New Mexico,Lea,45,35025
549,New Mexico,Lincoln,14,35027
550,New Mexico,Los Alamos,14,35028
551,New Mexico,Luna,16,35029
552,New Mexico,Rio Arriba,43,35039
553,New Mexico,San Juan,46,35045
554,New Mexico,Sandoval,44,35043
555,New Mexico,Santa Fe,44,35049
556,New Mexico,Socorro,14,35053
557,New Mexico,Taos,20,35055
558,New Mexico,Valencia,42,35061
559,New York,Albany,42,36001
560,New York,Bronx,47,36005
561,New York,Chautauqua,37,36013
562,New York,Dutchess,33,36027
563,New York,Erie,48,36029
564,New York,Essex,42,36031
565,New York,Hamilton,33,36041
566,New York,Jefferson,33,36045
567,New York,Kings,46,36047
568,New York,Monroe,42,36055
569,New York,Nassau,31,36059
570,New York,New York,48,36061
571,New York,Niagara,33,36063
572,New York,Oneida,32,36065
573,New York,Onondaga,40,36067
574,New York,Orange,34,36071
575,New York,Oswego,33,36075
576,New York,Putnam,32,36079
577,New York,Queens,50,36081
578,New York,Richmond,42,36085
579,New York,Rockland,38,36087
580,New York,Saratoga,31,36091
581,New York,Steuben,40,36101
582,New York,Suffolk,41,36103
583,New York,Tompkins,35,36109
584,New York,Wayne,33,36117
585,New York,Westchester,39,36119
586,North Carolina,Alexander,38,37003
587,North Carolina,Avery,39,37011
588,North Carolina,Buncombe,43,37021
589,North Carolina,Caldwell,40,37027
590,North Carolina,Carteret,38,37031
591,North Carolina,Caswell,36,37033
592,North Carolina,Catawba,43,37035
593,North Carolina,Cumberland,48,37051
594,North Carolina,Davidson,47,37057
595,North Carolina,Durham,44,37063
596,North Carolina,Edgecombe,41,37065
597,North Carolina,Forsyth,52,37067
598,North Carolina,Graham,46,37075
599,North Carolina,Granville,43,37077
600,North Carolina,Guilford,50,37081
601,North Carolina,Haywood,45,37087
602,North Carolina,Hyde,26,37095
603,North Carolina,Johnston,44,37101
604,North Carolina,Lenoir,39,37107
605,North Carolina,Lincoln,43,37109
606,North Carolina,Macon,34,37113
607,North Carolina,Martin,36,37117
608,North Carolina,Mecklenburg,51,37119
609,North Carolina,Mitchell,33,37121
610,North Carolina,Montgomery,48,37123
611,North Carolina,New Hanover,44,37129
612,North Carolina,Northampton,37,37131
613,North Carolina,Person,41,37145
614,North Carolina,Pitt,42,37147
615,North Carolina,Rockingham,43,37157
616,North Carolina,Rowan,47,37159
617,North Carolina,Swain,40,37173
618,North Carolina,Union,43,37179
619,North Carolina,Wake,49,37183
620,North Carolina,Yancey,45,37199
621,North Dakota,Billings,39,38007
622,North Dakota,Burke,44,38013
623,North Dakota,Burleigh,42,38015
624,North Dakota,Cass,50,38017
625,North Dakota,Dunn,41,38025
626,North Dakota,McKenzie,39,38053
627,North Dakota,Mercer,41,38057
628,North Dakota,Oliver,42,38065
629,North Dakota,Ward,42,38101
630,Ohio,Allen,44,39003
631,Ohio,Ashtabula,42,39007
632,Ohio,Athens,31,39009
633,Ohio,Belmont,31,39013
634,Ohio,Butler,56,39017
635,Ohio,Clark,50,39023
636,Ohio,Clermont,41,39025
637,Ohio,Clinton,44,39027
638,Ohio,Columbiana,11,39029
639,Ohio,Cuyahoga,57,39035
640,Ohio,Delaware,41,39041
641,Ohio,Franklin,54,39049
642,Ohio,Geauga,41,39055
643,Ohio,Greene,44,39057
644,Ohio,Hamilton,54,39061
645,Ohio,Jefferson,49,39081
646,Ohio,Knox,42,39083
647,Ohio,Lake,42,39085
648,Ohio,Lawrence,46,39087
649,Ohio,Licking,43,39089
650,Ohio,Lorain,37,39093
651,Ohio,Lucas,45,39095
652,Ohio,Madison,44,39097
653,Ohio,Mahoning,49,39099
654,Ohio,Medina,44,39103
655,Ohio,Miami,43,39109
656,Ohio,Montgomery,51,39113
657,Ohio,Noble,39,39121
658,Ohio,Portage,43,39133
659,Ohio,Preble,46,39135
660,Ohio,Scioto,44,39145
661,Ohio,Stark,52,39151
662,Ohio,Summit,46,39153
663,Ohio,Trumbull,48,39155
664,Ohio,Warren,44,39165
665,Ohio,Washington,42,39167
666,Ohio,Wood,40,39173
667,Oklahoma,Adair,51,40001
668,Oklahoma,Canadian,45,40017
669,Oklahoma,Carter,48,40019
670,Oklahoma,Cleveland,52,40027
671,Oklahoma,Comanche,46,40031
672,Oklahoma,Creek,44,40037
673,Oklahoma,Dewey,46,40043
674,Oklahoma,Grant,32,40053
675,Oklahoma,Jefferson,46,40067
676,Oklahoma,Johnston,46,40069
677,Oklahoma,Kay,49,40071
678,Oklahoma,Mayes,42,40097
679,Oklahoma,McClain,48,40087
680,Oklahoma,Nowata,54,40105
681,Oklahoma,Oklahoma,53,40109
682,Oklahoma,Osage,43,40113
683,Oklahoma,Ottawa,54,40115
684,Oklahoma,Pittsburg,49,40121
685,Oklahoma,Pontotoc,42,40123
686,Oklahoma,Sequoyah,46,40135
687,Oklahoma,Tulsa,53,40143
688,Oregon,Baker,30,41001
689,Oregon,Clackamas,34,41005
690,Oregon,Columbia,29,41009
691,Oregon,Crook,33,41013
692,Oregon,Deschutes,28,41017
693,Oregon,Grant,44,41023
694,Oregon,Harney,43,41025
695,Oregon,Jackson,45,41029
696,Oregon,Jefferson,31,41031
697,Oregon,Josephine,44,41033
698,Oregon,Klamath,39,41035
699,Oregon,Lake,28,41037
700,Oregon,Lane,49,41039
701,Oregon,Linn,34,41043
702,Oregon,Marion,38,41047
703,Oregon,Multnomah,38,41051
704,Oregon,Umatilla,42,41059
705,Oregon,Union,26,41061
706,Oregon,Wallowa,25,41063
707,Oregon,Wasco,27,41065
708,Oregon,Washington,36,41067
709,Pennsylvania,Adams,50,42001
710,Pennsylvania,Allegheny,56,42003
711,Pennsylvania,Armstrong,44,42005
712,Pennsylvania,Beaver,52,42007
713,Pennsylvania,Berks,48,42011
714,Pennsylvania,Blair,43,42013
715,Pennsylvania,Bradford,40,42015
716,Pennsylvania,Bucks,39,42017
717,Pennsylvania,Cambria,46,42021
718,Pennsylvania,Centre,45,42027
719,Pennsylvania,Chester,45,42029
720,Pennsylvania,Cumberland,44,42041
721,Pennsylvania,Dauphin,52,42043
722,Pennsylvania,Delaware,50,42045
723,Pennsylvania,Elk,35,42047
724,Pennsylvania,Erie,42,42049
725,Pennsylvania,Fayette,44,42051
726,Pennsylvania,Franklin,39,42055
727,Pennsylvania,Greene,44,42059
728,Pennsylvania,Indiana,41,42063
729,Pennsylvania,Lackawanna,44,42069
730,Pennsylvania,Lancaster,58,42071
731,Pennsylvania,Lawrence,34,42073
732,Pennsylvania,Lebanon,47,42075
733,Pennsylvania,Lehigh,43,42077
734,Pennsylvania,Lycoming,38,42081
735,Pennsylvania,Mercer,44,42085
736,Pennsylvania,Monroe,34,42089
737,Pennsylvania,Montgomery,44,42091
738,Pennsylvania,Northampton,46,42095
739,Pennsylvania,Philadelphia,58,42101
740,Pennsylvania,Somerset,35,42111
741,Pennsylvania,Susquehanna,28,42115
742,Pennsylvania,Tioga,41,42117
743,Pennsylvania,Washington,51,42125
744,Pennsylvania,Westmoreland,42,42129
745,Pennsylvania,Wyoming,27,42131
746,Pennsylvania,York,48,42133
747,Puerto Rico,Bayamon,22,72021
748,Puerto Rico,Caguas,6,72025
749,Puerto Rico,Catano,52,72033
750,Puerto Rico,Fajardo,30,72053
751,Puerto Rico,Guayama,15,72057
752,Puerto Rico,Guaynabo,32,72061
753,Puerto Rico,Mayagnez,25,
754,Puerto Rico,Ponce,30,72113
755,Rhode Island,Kent,40,44003
756,Rhode Island,Providence,46,44007
757,Rhode Island,Washington,40,44009
758,South Carolina,Aiken,39,45003
759,South Carolina,Anderson,42,45007
760,South Carolina,Berkeley,36,45015
761,South Carolina,Charleston,47,45019
762,South Carolina,Chesterfield,42,45025
763,South Carolina,Darlington,40,45031
764,South Carolina,Edgefield,44,45037
765,South Carolina,Florence,49,45041
766,South Carolina,Greenville,52,45045
767,South Carolina,Horry,43,45051
768,South Carolina,Lexington,41,45063
769,South Carolina,Richland,47,45079
770,South Carolina,Spartanburg,51,45083
771,South Carolina,York,47,45091
772,South Dakota,Brookings,42,46011
773,South Dakota,Brown,29,46013
774,South Dakota,Clay,43,46027
775,South Dakota,Codington,45,46029
776,South Dakota,Custer,43,46033
777,South Dakota,Hughes,14,46065
778,South Dakota,Jackson,43,46071
779,South Dakota,Meade,43,46093
780,South Dakota,Minnehaha,44,46099
781,South Dakota,Pennington,45,46103
782,Tennessee,Anderson,41,47001
783,Tennessee,Blount,46,47009
784,Tennessee,Claiborne,38,47025
785,Tennessee,Davidson,53,47037
786,Tennessee,DeKalb,37,47041
787,Tennessee,Dyer,39,47045
788,Tennessee,Hamilton,51,47065
789,Tennessee,Jefferson,42,47089
790,Tennessee,Knox,52,47093
791,Tennessee,Lawrence,41,47099
792,Tennessee,Loudon,42,47105
793,Tennessee,Madison,43,47113
794,Tennessee,Maury,36,47119
795,Tennessee,McMinn,39,47107
796,Tennessee,Montgomery,36,47125
797,Tennessee,Putnam,38,47141
798,Tennessee,Roane,36,47145
799,Tennessee,Sevier,45,47155
800,Tennessee,Shelby,52,47157
801,Tennessee,Sullivan,42,47163
802,Tennessee,Sumner,45,47165
803,Tennessee,Williamson,43,47187
804,Tennessee,Wilson,42,47189
805,Texas,Atascosa,42,48013
806,Texas,Bell,44,48027
807,Texas,Bexar,52,48029
808,Texas,Bowie,53,48037
809,Texas,Brazoria,36,48039
810,Texas,Brazos,39,48041
811,Texas,Brewster,43,48043
812,Texas,Cameron,54,48061
813,Texas,Collin,41,48085
814,Texas,Culberson,20,48109
815,Texas,Dallas,55,48113
816,Texas,Denton,49,48121
817,Texas,Ector,33,48135
818,Texas,El Paso,64,48141
819,Texas,Ellis,36,48139
820,Texas,Galveston,51,48167
821,Texas,Gregg,35,48183
822,Texas,Harris,64,48201
823,Texas,Harrison,47,48203
824,Texas,Hidalgo,44,48215
825,Texas,Hood,39,48221
826,Texas,Hunt,37,48231
827,Texas,Jefferson,54,48245
828,Texas,Johnson,38,48251
829,Texas,Karnes,7,48255
830,Texas,Kaufman,46,48257
831,Texas,Kleberg,44,48273
832,Texas,Lubbock,25,48303
833,Texas,Maverick,34,48323
834,Texas,McLennan,52,48309
835,Texas,Montgomery,53,48339
836,Texas,Navarro,46,48349
837,Texas,Nueces,48,48355
838,Texas,Orange,46,48361
839,Texas,Parker,39,48367
840,Texas,Polk,37,48373
841,Texas,Potter,26,48375
842,Texas,Randall,44,48381
843,Texas,Rockwall,34,48397
844,Texas,Smith,38,48423
845,Texas,Tarrant,57,48439
846,Texas,Travis,54,48453
847,Texas,Victoria,31,48469
848,Texas,Webb,44,48479
849,Texas,Wilson,7,48493
850,Utah,Box Elder,38,49003
851,Utah,Cache,48,49005
852,Utah,Carbon,42,49007
853,Utah,Davis,47,49011
854,Utah,Duchesne,51,49013
855,Utah,Garfield,10,49017
856,Utah,Grand,49,49019
857,Utah,Iron,42,49021
858,Utah,Salt Lake,54,49035
859,Utah,San Juan,45,49037
860,Utah,Tooele,45,49045
861,Utah,Uintah,50,49047
862,Utah,Utah,48,49049
863,Utah,Washington,43,49053
864,Utah,Wayne,12,49055
865,Utah,Weber,47,49057
866,Vermont,Bennington,38,50003
867,Vermont,Chittenden,42,50007
868,Vermont,Rutland,38,50021
869,Vermont,Windham,14,50025
870,Virgin Islands,St John,22,
871,Virginia,Albemarle,44,51003
872,Virginia,Arlington,38,51013
873,Virginia,Bristol City,39,51520
874,Virginia,Caroline,40,51033
875,Virginia,Carroll,9,51035
876,Virginia,Charles,40,
877,Virginia,Chesterfield,41,51041
878,Virginia,Fairfax,46,51600
879,Virginia,Fauquier,39,51061
880,Virginia,Frederick,44,51069
881,Virginia,Giles,39,51071
882,Virginia,Hampton City,43,51650
883,Virginia,Hanover,40,51085
884,Virginia,Henrico,46,51087
885,Virginia,Hopewell City,7,51670
886,Virginia,Loudoun,39,51107
887,Virginia,Lynchburg City,34,51680
888,Virginia,Madison,42,51113
889,Virginia,Norfolk City,18,51710
890,Virginia,Prince Edward,34,51147
891,Virginia,Prince William,37,51153
892,Virginia,Richmond City,45,51760
893,Virginia,Roanoke,43,51770
894,Virginia,Rockbridge,37,51163
895,Virginia,Rockingham,37,51165
896,Virginia,Salem City,36,51775
897,Virginia,Stafford,37,51179
898,Virginia,Suffolk City,40,51800
899,Virginia,Virginia Beach City,41,51810
900,Virginia,Wythe,40,51197
901,Washington,Adams,21,53001
902,Washington,Asotin,49,53003
903,Washington,Benton,41,53005
904,Washington,Chelan,34,53007
905,Washington,Clallam,37,53009
906,Washington,Clark,35,53011
907,Washington,Columbia,39,53013
908,Washington,Cowlitz,22,53015
909,Washington,Franklin,26,53021
910,Washington,Garfield,17,53023
911,Washington,Grant,32,53025
912,Washington,Grays Harbor,23,53027
913,Washington,Jefferson,21,53031
914,Washington,King,46,53033
915,Washington,Kitsap,22,53035
916,Washington,Kittitas,29,53037
917,Washington,Klickitat,20,53039
918,Washington,Lewis,25,53041
919,Washington,Mason,24,53045
920,Washington,Okanogan,49,53047
921,Washington,Pacific,20,53049
922,Washington,Pierce,42,53053
923,Washington,Skagit,30,53057
924,Washington,Snohomish,38,53061
925,Washington,Spokane,42,53063
926,Washington,Stevens,46,53065
927,Washington,Thurston,28,53067
928,Washington,Walla Walla,28,53071
929,Washington,Whatcom,31,53073
930,Washington,Whitman,26,53075
931,Washington,Yakima,46,53077
932,West Virginia,Berkeley,44,54003
933,West Virginia,Brooke,19,54009
934,West Virginia,Cabell,44,54011
935,West Virginia,Greenbrier,38,54025
936,West Virginia,Hancock,36,54029
937,West Virginia,Harrison,39,54033
938,West Virginia,Kanawha,42,54039
939,West Virginia,Marion,39,54049
940,West Virginia,Marshall,52,54051
941,West Virginia,Monongalia,42,54061
942,West Virginia,Ohio,41,54069
943,West Virginia,Tucker,36,54093
944,West Virginia,Wood,41,54107
945,Wisconsin,Ashland,40,55003
946,Wisconsin,Brown,44,55009
947,Wisconsin,Columbia,44,55021
948,Wisconsin,Dane,50,55025
949,Wisconsin,Dodge,46,55027
950,Wisconsin,Door,41,55029
951,Wisconsin,Eau Claire,46,55035
952,Wisconsin,Fond du Lac,41,55039
953,Wisconsin,Forest,42,55041
954,Wisconsin,Grant,48,55043
955,Wisconsin,Jackson,33,55053
956,Wisconsin,Jefferson,44,55055
957,Wisconsin,Kenosha,48,55059
958,Wisconsin,Kewaunee,43,55061
959,Wisconsin,La Crosse,45,55063
960,Wisconsin,Manitowoc,40,55071
961,Wisconsin,Marathon,41,55073
962,Wisconsin,Milwaukee,52,55079
963,Wisconsin,Monroe,37,55081
964,Wisconsin,Outagamie,48,55087
965,Wisconsin,Ozaukee,45,55089
966,Wisconsin,Racine,44,55101
967,Wisconsin,Rock,46,55105
968,Wisconsin,Sauk,44,55111
969,Wisconsin,Sheboygan,45,55117
970,Wisconsin,Taylor,43,55119
971,Wisconsin,Vilas,39,55125
972,Wisconsin,Walworth,44,55127
973,Wisconsin,Waukesha,52,55133
974,Wyoming,Albany,48,56001
975,Wyoming,Big Horn,39,56003
976,Wyoming,Campbell,45,56005
977,Wyoming,Carbon,8,56007
978,Wyoming,Converse,42,56009
979,Wyoming,Fremont,49,56013
980,Wyoming,Johnson,40,56019
981,Wyoming,Laramie,45,56021
982,Wyoming,Lincoln,44,56023
983,Wyoming,Natrona,42,56025
984,Wyoming,Park,14,56029
985,Wyoming,Platte,14,56031
986,Wyoming,Sheridan,43,56033
987,Wyoming,Sublette,47,56035
988,Wyoming,Sweetwater,47,56037
989,Wyoming,Teton,43,56039
990,Wyoming,Uinta,6,56041
991,Wyoming,Weston,42,56045
